{
  "song_names": [
    "A Sky Full Of Stars (Robin Schulz Edit)_Coldplay.mp3",
    "A Sky Full Of Stars_Coldplay.mp3",
    "Fun_Coldplay ft. Tove Lo.mp3",
    "Hypnotised_Coldplay.mp3",
    "Paradise_Coldplay.mp3",
    "Up&Up_Coldplay.mp3",
    "Viva La Vida_Coldplay.mp3"
  ],
  "similarity_matrix": [
    [
      1.0,
      0.2108403444290161,
      0.195114865899086,
      0.15001003444194794,
      0.2984783351421356,
      0.20019924640655518,
      0.2112055867910385
    ],
    [
      0.2108403444290161,
      1.0,
      0.7226386666297913,
      0.3825342655181885,
      0.5800398588180542,
      0.7564665675163269,
      0.5781654119491577
    ],
    [
      0.195114865899086,
      0.7226386666297913,
      1.0,
      0.3744869828224182,
      0.5697840452194214,
      0.7800034284591675,
      0.6191946864128113
    ],
    [
      0.15001003444194794,
      0.3825342655181885,
      0.3744869828224182,
      1.0,
      0.3551880717277527,
      0.37646549940109253,
      0.45645666122436523
    ],
    [
      0.2984783351421356,
      0.5800398588180542,
      0.5697840452194214,
      0.3551880717277527,
      1.0,
      0.5818411707878113,
      0.6328321099281311
    ],
    [
      0.20019924640655518,
      0.7564665675163269,
      0.7800034284591675,
      0.37646549940109253,
      0.5818411707878113,
      1.0,
      0.6320191025733948
    ],
    [
      0.2112055867910385,
      0.5781654119491577,
      0.6191946864128113,
      0.45645666122436523,
      0.6328321099281311,
      0.6320191025733948,
      1.0
    ]
  ],
  "metadata": {
    "total_songs": 7,
    "matrix_shape": [
      7,
      7
    ],
    "description": "Similarity matrix where matrix[i][j] is similarity between song i and song j"
  }
}